-- MySQL dump 10.13  Distrib 8.0.31, for Win64 (x86_64)
--
-- Host: localhost    Database: projeto_todo
-- ------------------------------------------------------
-- Server version	8.0.31

/*!40101 SET @OLD_CHARACTER_SET_CLIENT=@@CHARACTER_SET_CLIENT */;
/*!40101 SET @OLD_CHARACTER_SET_RESULTS=@@CHARACTER_SET_RESULTS */;
/*!40101 SET @OLD_COLLATION_CONNECTION=@@COLLATION_CONNECTION */;
/*!50503 SET NAMES utf8mb4 */;
/*!40103 SET @OLD_TIME_ZONE=@@TIME_ZONE */;
/*!40103 SET TIME_ZONE='+00:00' */;
/*!40014 SET @OLD_UNIQUE_CHECKS=@@UNIQUE_CHECKS, UNIQUE_CHECKS=0 */;
/*!40014 SET @OLD_FOREIGN_KEY_CHECKS=@@FOREIGN_KEY_CHECKS, FOREIGN_KEY_CHECKS=0 */;
/*!40101 SET @OLD_SQL_MODE=@@SQL_MODE, SQL_MODE='NO_AUTO_VALUE_ON_ZERO' */;
/*!40111 SET @OLD_SQL_NOTES=@@SQL_NOTES, SQL_NOTES=0 */;

--
-- Table structure for table `categories`
--

DROP TABLE IF EXISTS `categories`;
/*!40101 SET @saved_cs_client     = @@character_set_client */;
/*!50503 SET character_set_client = utf8mb4 */;
CREATE TABLE `categories` (
  `id` bigint unsigned NOT NULL AUTO_INCREMENT,
  `title` varchar(191) COLLATE utf8mb4_unicode_ci NOT NULL,
  `color` varchar(191) COLLATE utf8mb4_unicode_ci NOT NULL DEFAULT '#FFFFFF',
  `user_id` bigint unsigned NOT NULL,
  `created_at` timestamp NULL DEFAULT NULL,
  `updated_at` timestamp NULL DEFAULT NULL,
  PRIMARY KEY (`id`),
  KEY `categories_user_id_foreign` (`user_id`)
) ENGINE=MyISAM AUTO_INCREMENT=61 DEFAULT CHARSET=utf8mb4 COLLATE=utf8mb4_unicode_ci;
/*!40101 SET character_set_client = @saved_cs_client */;

--
-- Dumping data for table `categories`
--

LOCK TABLES `categories` WRITE;
/*!40000 ALTER TABLE `categories` DISABLE KEYS */;
INSERT INTO `categories` VALUES (1,'Quasi id iusto quos.','#001177',22,'2023-05-18 21:58:58','2023-05-18 21:58:58'),(2,'Placeat ipsam facilis in.','#0011bb',22,'2023-05-18 21:58:58','2023-05-18 21:58:58'),(3,'Id eos dicta qui rerum.','#004444',40,'2023-05-18 21:58:58','2023-05-18 21:58:58'),(4,'Hic nihil aut sequi at.','#00ffee',13,'2023-05-18 21:58:58','2023-05-18 21:58:58'),(5,'Numquam explicabo aperiam ex.','#000033',19,'2023-05-18 21:58:58','2023-05-18 21:58:58'),(6,'Pariatur sed esse cum iusto.','#0033ee',10,'2023-05-18 21:58:58','2023-05-18 21:58:58'),(7,'Ducimus qui qui enim dolor.','#004466',29,'2023-05-18 21:58:58','2023-05-18 21:58:58'),(8,'Ratione voluptates id qui.','#00dd55',20,'2023-05-18 21:58:58','2023-05-18 21:58:58'),(9,'Enim fugit consequatur eum.','#00ddee',17,'2023-05-18 21:58:58','2023-05-18 21:58:58'),(10,'Qui vel sunt eligendi.','#00cc00',24,'2023-05-18 21:58:58','2023-05-18 21:58:58'),(11,'Id explicabo sed eum.','#0066cc',27,'2023-05-18 21:58:58','2023-05-18 21:58:58'),(12,'Minima possimus et ea.','#0088bb',36,'2023-05-18 21:58:58','2023-05-18 21:58:58'),(13,'Tempore dolorum ut hic porro.','#000000',15,'2023-05-18 21:58:58','2023-05-18 21:58:58'),(14,'Eos ullam est odit.','#0077dd',7,'2023-05-18 21:58:58','2023-05-18 21:58:58'),(15,'Est dolor nostrum et ut.','#006677',33,'2023-05-18 21:58:58','2023-05-18 21:58:58'),(16,'Animi rerum repellendus quis.','#00ccff',38,'2023-05-18 21:58:58','2023-05-18 21:58:58'),(17,'Eum quod quis provident.','#008811',35,'2023-05-18 21:58:58','2023-05-18 21:58:58'),(18,'Tempore sint aut qui.','#00aa33',18,'2023-05-18 21:58:58','2023-05-18 21:58:58'),(19,'Vero omnis porro velit quia.','#00aa22',3,'2023-05-18 21:58:58','2023-05-18 21:58:58'),(20,'Et quod est distinctio.','#006600',17,'2023-05-18 21:58:58','2023-05-18 21:58:58'),(21,'Aut quos odio minima et.','#008855',6,'2023-05-18 21:58:58','2023-05-18 21:58:58'),(22,'Quasi quo natus aut tempora.','#0033ff',36,'2023-05-18 21:58:58','2023-05-18 21:58:58'),(23,'Rerum ea ut sit voluptatibus.','#00aa99',1,'2023-05-18 21:58:58','2023-05-18 21:58:58'),(24,'Sequi quae vel deleniti sunt.','#007733',7,'2023-05-18 21:58:58','2023-05-18 21:58:58'),(25,'Modi explicabo quos vero.','#005599',29,'2023-05-18 21:58:58','2023-05-18 21:58:58'),(26,'Aut unde nisi ab.','#0044aa',7,'2023-05-18 21:58:58','2023-05-18 21:58:58'),(27,'Aut amet hic quis et.','#003355',39,'2023-05-18 21:58:58','2023-05-18 21:58:58'),(28,'Id inventore accusamus porro.','#008899',1,'2023-05-18 21:58:58','2023-05-18 21:58:58'),(29,'In eligendi est libero.','#0000aa',13,'2023-05-18 21:58:58','2023-05-18 21:58:58'),(30,'Eius quae pariatur ullam qui.','#00dd44',2,'2023-05-18 21:58:58','2023-05-18 21:58:58'),(31,'Cumque aut qui et vero.','#002244',78,'2023-05-18 21:59:26','2023-05-18 21:59:26'),(32,'Autem quia aut et.','#004455',15,'2023-05-18 21:59:26','2023-05-18 21:59:26'),(33,'Cum qui sint libero.','#005555',22,'2023-05-18 21:59:26','2023-05-18 21:59:26'),(34,'Et in magni unde.','#002277',26,'2023-05-18 21:59:26','2023-05-18 21:59:26'),(35,'Fugiat dolorem fugit quae.','#00eeee',30,'2023-05-18 21:59:26','2023-05-18 21:59:26'),(36,'Impedit quia dicta in sint.','#004400',70,'2023-05-18 21:59:26','2023-05-18 21:59:26'),(37,'Cum ea esse et.','#00ee66',43,'2023-05-18 21:59:26','2023-05-18 21:59:26'),(38,'Culpa odit animi quia ex.','#00ffdd',39,'2023-05-18 21:59:26','2023-05-18 21:59:26'),(39,'Totam placeat id quis sit.','#008811',11,'2023-05-18 21:59:26','2023-05-18 21:59:26'),(40,'Numquam maiores ratione ut.','#002255',50,'2023-05-18 21:59:26','2023-05-18 21:59:26'),(41,'Harum veniam vel qui magnam.','#0055cc',11,'2023-05-18 21:59:26','2023-05-18 21:59:26'),(42,'Error rerum qui eveniet vel.','#00aabb',42,'2023-05-18 21:59:26','2023-05-18 21:59:26'),(43,'Facere id earum nam unde.','#007722',78,'2023-05-18 21:59:26','2023-05-18 21:59:26'),(44,'Et et pariatur perspiciatis.','#001166',4,'2023-05-18 21:59:26','2023-05-18 21:59:26'),(45,'Eum pariatur ullam at quod.','#00bbbb',11,'2023-05-18 21:59:26','2023-05-18 21:59:26'),(46,'Beatae tenetur tenetur aut.','#0077ff',57,'2023-05-18 21:59:26','2023-05-18 21:59:26'),(47,'In dolore dolore natus et.','#00eeee',3,'2023-05-18 21:59:26','2023-05-18 21:59:26'),(48,'Eum cumque eaque rerum et.','#005577',56,'2023-05-18 21:59:26','2023-05-18 21:59:26'),(49,'Odio ea et consequatur aut.','#00ddee',31,'2023-05-18 21:59:26','2023-05-18 21:59:26'),(50,'Fugiat corporis sit aut ex.','#001166',6,'2023-05-18 21:59:26','2023-05-18 21:59:26'),(51,'Ut dolor sunt est quia.','#0033aa',77,'2023-05-18 21:59:26','2023-05-18 21:59:26'),(52,'Aut quia blanditiis ut.','#0022cc',13,'2023-05-18 21:59:26','2023-05-18 21:59:26'),(53,'Dolor deserunt sed unde.','#008811',47,'2023-05-18 21:59:26','2023-05-18 21:59:26'),(54,'Ut omnis et expedita ratione.','#00aa00',14,'2023-05-18 21:59:26','2023-05-18 21:59:26'),(55,'In id et ad modi.','#001188',64,'2023-05-18 21:59:26','2023-05-18 21:59:26'),(56,'Dolores odio est laudantium.','#002277',61,'2023-05-18 21:59:26','2023-05-18 21:59:26'),(57,'Libero at aperiam et.','#0044cc',77,'2023-05-18 21:59:26','2023-05-18 21:59:26'),(58,'Beatae sunt ratione dolorum.','#005566',27,'2023-05-18 21:59:26','2023-05-18 21:59:26'),(59,'Iure quo enim autem ad.','#00bbaa',77,'2023-05-18 21:59:26','2023-05-18 21:59:26'),(60,'Officia sint ut error.','#005522',36,'2023-05-18 21:59:26','2023-05-18 21:59:26');
/*!40000 ALTER TABLE `categories` ENABLE KEYS */;
UNLOCK TABLES;

--
-- Table structure for table `failed_jobs`
--

DROP TABLE IF EXISTS `failed_jobs`;
/*!40101 SET @saved_cs_client     = @@character_set_client */;
/*!50503 SET character_set_client = utf8mb4 */;
CREATE TABLE `failed_jobs` (
  `id` bigint unsigned NOT NULL AUTO_INCREMENT,
  `uuid` varchar(191) COLLATE utf8mb4_unicode_ci NOT NULL,
  `connection` text COLLATE utf8mb4_unicode_ci NOT NULL,
  `queue` text COLLATE utf8mb4_unicode_ci NOT NULL,
  `payload` longtext COLLATE utf8mb4_unicode_ci NOT NULL,
  `exception` longtext COLLATE utf8mb4_unicode_ci NOT NULL,
  `failed_at` timestamp NOT NULL DEFAULT CURRENT_TIMESTAMP,
  PRIMARY KEY (`id`),
  UNIQUE KEY `failed_jobs_uuid_unique` (`uuid`)
) ENGINE=MyISAM DEFAULT CHARSET=utf8mb4 COLLATE=utf8mb4_unicode_ci;
/*!40101 SET character_set_client = @saved_cs_client */;

--
-- Dumping data for table `failed_jobs`
--

LOCK TABLES `failed_jobs` WRITE;
/*!40000 ALTER TABLE `failed_jobs` DISABLE KEYS */;
/*!40000 ALTER TABLE `failed_jobs` ENABLE KEYS */;
UNLOCK TABLES;

--
-- Table structure for table `migrations`
--

DROP TABLE IF EXISTS `migrations`;
/*!40101 SET @saved_cs_client     = @@character_set_client */;
/*!50503 SET character_set_client = utf8mb4 */;
CREATE TABLE `migrations` (
  `id` int unsigned NOT NULL AUTO_INCREMENT,
  `migration` varchar(191) COLLATE utf8mb4_unicode_ci NOT NULL,
  `batch` int NOT NULL,
  PRIMARY KEY (`id`)
) ENGINE=MyISAM AUTO_INCREMENT=7 DEFAULT CHARSET=utf8mb4 COLLATE=utf8mb4_unicode_ci;
/*!40101 SET character_set_client = @saved_cs_client */;

--
-- Dumping data for table `migrations`
--

LOCK TABLES `migrations` WRITE;
/*!40000 ALTER TABLE `migrations` DISABLE KEYS */;
INSERT INTO `migrations` VALUES (1,'2014_10_12_000000_create_users_table',1),(2,'2014_10_12_100000_create_password_resets_table',1),(3,'2019_08_19_000000_create_failed_jobs_table',1),(4,'2019_12_14_000001_create_personal_access_tokens_table',1),(5,'2023_05_17_050059_create_categories_table',1),(6,'2023_05_17_052404_create_tasks_table',1);
/*!40000 ALTER TABLE `migrations` ENABLE KEYS */;
UNLOCK TABLES;

--
-- Table structure for table `password_resets`
--

DROP TABLE IF EXISTS `password_resets`;
/*!40101 SET @saved_cs_client     = @@character_set_client */;
/*!50503 SET character_set_client = utf8mb4 */;
CREATE TABLE `password_resets` (
  `email` varchar(191) COLLATE utf8mb4_unicode_ci NOT NULL,
  `token` varchar(191) COLLATE utf8mb4_unicode_ci NOT NULL,
  `created_at` timestamp NULL DEFAULT NULL,
  KEY `password_resets_email_index` (`email`)
) ENGINE=MyISAM DEFAULT CHARSET=utf8mb4 COLLATE=utf8mb4_unicode_ci;
/*!40101 SET character_set_client = @saved_cs_client */;

--
-- Dumping data for table `password_resets`
--

LOCK TABLES `password_resets` WRITE;
/*!40000 ALTER TABLE `password_resets` DISABLE KEYS */;
/*!40000 ALTER TABLE `password_resets` ENABLE KEYS */;
UNLOCK TABLES;

--
-- Table structure for table `personal_access_tokens`
--

DROP TABLE IF EXISTS `personal_access_tokens`;
/*!40101 SET @saved_cs_client     = @@character_set_client */;
/*!50503 SET character_set_client = utf8mb4 */;
CREATE TABLE `personal_access_tokens` (
  `id` bigint unsigned NOT NULL AUTO_INCREMENT,
  `tokenable_type` varchar(191) COLLATE utf8mb4_unicode_ci NOT NULL,
  `tokenable_id` bigint unsigned NOT NULL,
  `name` varchar(191) COLLATE utf8mb4_unicode_ci NOT NULL,
  `token` varchar(64) COLLATE utf8mb4_unicode_ci NOT NULL,
  `abilities` text COLLATE utf8mb4_unicode_ci,
  `last_used_at` timestamp NULL DEFAULT NULL,
  `created_at` timestamp NULL DEFAULT NULL,
  `updated_at` timestamp NULL DEFAULT NULL,
  PRIMARY KEY (`id`),
  UNIQUE KEY `personal_access_tokens_token_unique` (`token`),
  KEY `personal_access_tokens_tokenable_type_tokenable_id_index` (`tokenable_type`,`tokenable_id`)
) ENGINE=MyISAM DEFAULT CHARSET=utf8mb4 COLLATE=utf8mb4_unicode_ci;
/*!40101 SET character_set_client = @saved_cs_client */;

--
-- Dumping data for table `personal_access_tokens`
--

LOCK TABLES `personal_access_tokens` WRITE;
/*!40000 ALTER TABLE `personal_access_tokens` DISABLE KEYS */;
/*!40000 ALTER TABLE `personal_access_tokens` ENABLE KEYS */;
UNLOCK TABLES;

--
-- Table structure for table `tasks`
--

DROP TABLE IF EXISTS `tasks`;
/*!40101 SET @saved_cs_client     = @@character_set_client */;
/*!50503 SET character_set_client = utf8mb4 */;
CREATE TABLE `tasks` (
  `id` bigint unsigned NOT NULL AUTO_INCREMENT,
  `is_done` tinyint(1) NOT NULL DEFAULT '0',
  `title` varchar(191) COLLATE utf8mb4_unicode_ci NOT NULL,
  `description` varchar(191) COLLATE utf8mb4_unicode_ci NOT NULL,
  `due_date` datetime NOT NULL,
  `user_id` bigint unsigned NOT NULL,
  `category_id` bigint unsigned NOT NULL,
  `created_at` timestamp NULL DEFAULT NULL,
  `updated_at` timestamp NULL DEFAULT NULL,
  PRIMARY KEY (`id`),
  KEY `tasks_user_id_foreign` (`user_id`),
  KEY `tasks_category_id_foreign` (`category_id`)
) ENGINE=MyISAM AUTO_INCREMENT=132 DEFAULT CHARSET=utf8mb4 COLLATE=utf8mb4_unicode_ci;
/*!40101 SET character_set_client = @saved_cs_client */;

--
-- Dumping data for table `tasks`
--

LOCK TABLES `tasks` WRITE;
/*!40000 ALTER TABLE `tasks` DISABLE KEYS */;
INSERT INTO `tasks` VALUES (111,0,'Task 4','Descrição da Task 4','2023-05-19 20:30:00',0,0,NULL,NULL),(2,1,'Banco de dados Oracle','Molestias suscipit enim velit inventore.','2023-05-19 22:37:09',50,40,'2023-05-18 21:59:28','2023-05-19 22:15:25'),(106,1,'Task de sexta','Task de sexta','2023-05-19 14:55:00',1,16,'2023-05-19 17:55:41','2023-05-19 22:15:17'),(4,1,'Outra Task qualquer','Dicta animi non aut id nesciunt velit.','2019-03-09 06:35:35',22,2,'2023-05-18 21:59:28','2023-05-19 20:23:05'),(109,1,'Task 2','Descrição da Task 2','2023-05-19 20:30:00',0,0,NULL,'2023-05-19 22:15:30'),(110,1,'Task 3','Descrição da Task 3','2023-05-19 20:30:00',0,0,NULL,'2023-05-19 22:15:28'),(108,1,'Task 1','Descrição da Task 1','2023-05-19 20:30:00',0,0,NULL,'2023-05-19 22:15:33'),(7,1,'Nisi error officiis quis.','Quasi quo ullam explicabo dignissimos sit ut dolore.','1999-06-08 21:49:43',19,5,'2023-05-18 21:59:28','2023-05-19 20:19:30'),(8,1,'Veniam ab enim repudiandae.','Testando','1999-06-08 22:36:21',13,13,'2023-05-18 21:59:28','2023-05-19 18:03:19'),(9,1,'Quaerat ut eius dolor.','Voluptas non molestias ea ipsam quo.','2020-10-20 02:38:12',35,17,'2023-05-18 21:59:28','2023-05-19 20:19:32'),(107,1,'Task teste sexta-feira','Task de testes','2023-05-19 20:30:00',0,0,NULL,'2023-05-19 22:15:36'),(11,1,'Doloremque vel eum neque ut.','Veniam voluptate adipisci deserunt et odit.','1988-02-15 02:57:13',30,35,'2023-05-18 21:59:28','2023-05-18 21:59:28'),(12,0,'Ut atque at suscipit et.','Rem ab tenetur ut voluptatem.','2017-01-20 09:41:12',3,47,'2023-05-18 21:59:28','2023-05-18 21:59:28'),(13,0,'Et quam est odit tempora.','In omnis itaque sed fuga esse iste sint.','2017-12-22 14:43:18',1,28,'2023-05-18 21:59:28','2023-05-18 21:59:28'),(14,0,'Non quas veniam qui.','Consectetur sit id quod a nihil dolor eum.','1999-11-02 09:43:04',15,32,'2023-05-18 21:59:28','2023-05-18 21:59:28'),(15,0,'Suscipit tenetur ut cum.','Vero vel est et excepturi et dolore natus.','1981-01-09 08:46:44',4,44,'2023-05-18 21:59:28','2023-05-18 21:59:28'),(16,0,'Earum et nobis quasi.','Sit eos voluptatem molestiae nam sapiente.','2010-03-18 16:32:16',2,30,'2023-05-18 21:59:28','2023-05-18 21:59:28'),(17,1,'Ullam id ut voluptates totam.','Qui tempora qui molestiae numquam recusandae.','1993-08-03 10:06:25',26,34,'2023-05-18 21:59:28','2023-05-18 21:59:28'),(18,1,'Sint labore dolor numquam et.','Dolores perspiciatis nulla et autem.','2000-11-12 01:55:52',78,43,'2023-05-18 21:59:28','2023-05-18 21:59:28'),(19,1,'Ad non aut consequatur iste.','Fugit ad sed quam debitis velit quia velit.','1995-07-02 10:33:28',26,34,'2023-05-18 21:59:28','2023-05-18 21:59:28'),(20,1,'Magnam fugiat rem excepturi.','Inventore quibusdam harum minus.','1983-01-15 18:12:24',6,50,'2023-05-18 21:59:28','2023-05-18 21:59:28'),(21,1,'Libero nam enim qui velit.','Tempora ipsam ut accusamus quos nihil ut.','1984-04-01 02:18:00',42,42,'2023-05-18 21:59:28','2023-05-18 21:59:28'),(22,0,'Facilis debitis vel ea.','Mollitia ab asperiores doloribus aut nobis quo aut optio.','1980-01-26 19:29:39',30,35,'2023-05-18 21:59:28','2023-05-18 21:59:28'),(23,1,'Maxime sed quod est.','Dolor autem sed non ut ut. Ea est quidem est.','1985-09-03 02:10:09',38,16,'2023-05-18 21:59:28','2023-05-18 21:59:28'),(24,0,'Qui sint ut ipsa ex.','Id voluptas id consequuntur et cumque a tenetur.','1981-02-07 10:36:11',70,36,'2023-05-18 21:59:28','2023-05-18 21:59:28'),(25,0,'Ipsum dicta eaque omnis.','Non eos qui id placeat qui.','2021-01-22 04:30:15',4,44,'2023-05-18 21:59:28','2023-05-18 21:59:28'),(26,1,'Omnis occaecati nulla illo.','Doloremque fugiat quia vel delectus dolorem eos harum.','2006-11-30 06:09:45',27,11,'2023-05-18 21:59:28','2023-05-18 21:59:28'),(27,0,'Corrupti harum facere velit.','Quibusdam accusamus optio omnis assumenda numquam.','1985-03-16 22:02:19',7,14,'2023-05-18 21:59:28','2023-05-18 21:59:28'),(28,1,'Reiciendis et iusto et aut.','Assumenda et blanditiis quia. Dolore est totam et enim.','2009-01-19 16:16:16',70,36,'2023-05-18 21:59:28','2023-05-18 21:59:28'),(29,1,'Odio fuga et maxime non.','Repellat in aut qui sint consequatur error.','1991-02-03 09:32:18',50,40,'2023-05-18 21:59:28','2023-05-18 21:59:28'),(30,0,'Sunt fuga eligendi ut ab.','Numquam consequatur voluptatem officia eos ratione.','1996-05-07 09:04:10',38,16,'2023-05-18 21:59:28','2023-05-18 21:59:28'),(31,1,'Et rem quia sed non.','Eius quisquam consequatur dolor cupiditate.','1998-01-07 02:59:32',61,56,'2023-05-18 21:59:28','2023-05-19 18:25:47'),(32,0,'Accusamus ea dicta qui velit.','Ipsum odit recusandae aut accusamus velit.','1979-06-12 01:41:35',64,55,'2023-05-18 21:59:28','2023-05-18 21:59:28'),(33,0,'Adipisci beatae sit et dolor.','Voluptas qui perferendis esse accusantium.','2004-04-01 16:51:50',57,46,'2023-05-18 21:59:28','2023-05-18 21:59:28'),(34,0,'Architecto et cumque nihil.','Quia mollitia ut rerum excepturi consequatur vitae.','1976-08-02 05:15:58',19,5,'2023-05-18 21:59:28','2023-05-18 21:59:28'),(35,0,'Et magni saepe minus.','Voluptatem et odio odit ut debitis quisquam culpa.','1978-11-15 22:17:54',2,30,'2023-05-18 21:59:28','2023-05-18 21:59:28'),(36,1,'Quam totam amet repellat sed.','Quaerat minima eveniet ipsa.','2017-08-28 05:58:50',36,12,'2023-05-18 21:59:28','2023-05-18 21:59:28'),(37,1,'Omnis voluptas et vitae iste.','Perspiciatis harum qui est facilis in vel praesentium.','2007-06-22 11:37:52',2,30,'2023-05-18 21:59:28','2023-05-18 21:59:28'),(38,0,'Quis eveniet et est.','Cum facere incidunt id voluptas at rerum.','1997-10-28 21:59:38',40,3,'2023-05-18 21:59:28','2023-05-18 21:59:28'),(39,0,'Ut sit est consequatur.','Impedit omnis corporis sed.','1990-01-29 17:04:01',57,46,'2023-05-18 21:59:28','2023-05-18 21:59:28'),(40,1,'Debitis eos ab at pariatur.','Iste quod quia consectetur dolor.','1993-08-09 23:32:48',77,59,'2023-05-18 21:59:28','2023-05-18 21:59:28'),(41,1,'Tempore in et fugit quia.','Velit reprehenderit culpa distinctio repellat quidem nisi.','1981-06-07 00:38:39',7,14,'2023-05-18 21:59:28','2023-05-18 21:59:28'),(42,0,'Rerum veritatis aut in.','Fuga hic rerum quisquam.','2020-09-22 18:46:16',39,38,'2023-05-18 21:59:28','2023-05-18 21:59:28'),(43,0,'Aliquam quo tenetur sed.','Et aut quasi facilis qui ipsa vero.','1976-07-06 05:44:46',17,20,'2023-05-18 21:59:28','2023-05-18 21:59:28'),(44,0,'Ut iste et eum.','Molestiae omnis doloribus unde ut sunt est.','1988-05-24 11:30:29',33,15,'2023-05-18 21:59:28','2023-05-18 21:59:28'),(45,0,'Ab optio dolorem occaecati.','Non velit sint et odio nemo totam.','1987-04-08 04:56:58',64,55,'2023-05-18 21:59:28','2023-05-18 21:59:28'),(46,1,'Qui explicabo et consequatur.','Ut quas doloremque ullam autem quos.','1995-11-13 23:58:01',47,53,'2023-05-18 21:59:28','2023-05-18 21:59:28'),(47,0,'Sit itaque ullam distinctio.','Numquam qui et error sit praesentium.','2007-09-21 10:31:26',19,5,'2023-05-18 21:59:28','2023-05-18 21:59:28'),(48,1,'Fuga inventore est impedit.','Praesentium quis tempora hic quia sed autem expedita.','2002-12-27 22:09:33',29,25,'2023-05-18 21:59:28','2023-05-18 21:59:28'),(49,0,'Sit consequatur quo voluptas.','Aut maiores quas blanditiis officiis.','2019-02-19 23:45:29',57,46,'2023-05-18 21:59:28','2023-05-18 21:59:28'),(50,1,'Est omnis et dolores fugit.','Omnis porro culpa eos vero consectetur omnis esse rerum.','1988-11-18 15:11:15',31,49,'2023-05-18 21:59:28','2023-05-18 21:59:28'),(51,1,'Quae ut et natus.','Optio nulla et architecto veniam animi.','2000-02-13 12:11:55',2,30,'2023-05-18 21:59:28','2023-05-18 21:59:28'),(52,0,'Est eos aut debitis id.','Recusandae laboriosam et qui voluptatem laborum.','1971-03-15 23:43:22',20,8,'2023-05-18 21:59:28','2023-05-18 21:59:28'),(53,1,'Aut quo expedita porro.','Occaecati excepturi quibusdam provident et consequatur.','2015-05-25 20:22:36',17,9,'2023-05-18 21:59:28','2023-05-18 21:59:28'),(54,1,'Autem omnis soluta voluptas.','Praesentium quis eos sint pariatur perspiciatis.','1996-03-04 22:10:48',50,40,'2023-05-18 21:59:28','2023-05-18 21:59:28'),(55,0,'Odit iure rerum modi qui.','Unde voluptatibus explicabo quia velit.','1973-04-19 11:39:16',29,25,'2023-05-18 21:59:28','2023-05-18 21:59:28'),(56,0,'Ipsa est sed ratione dolorum.','Tempora aut sit nulla esse.','1994-01-09 04:53:41',39,27,'2023-05-18 21:59:28','2023-05-18 21:59:28'),(57,1,'Et nisi et officiis in ea.','Sed quis quod est at corporis.','1986-07-15 09:55:17',36,60,'2023-05-18 21:59:28','2023-05-18 21:59:28'),(58,1,'Blanditiis ex sit est quis.','Et ab ea deserunt ut aut.','2011-03-02 06:54:10',61,56,'2023-05-18 21:59:28','2023-05-18 21:59:28'),(59,0,'Commodi et atque et.','Consequatur unde iusto sint assumenda.','1993-11-21 23:55:20',27,58,'2023-05-18 21:59:28','2023-05-18 21:59:28'),(60,0,'Nam pariatur sint qui iure.','Velit reprehenderit eos similique esse officiis.','1976-08-26 21:24:54',15,13,'2023-05-18 21:59:28','2023-05-18 21:59:28'),(61,1,'Doloribus porro qui id eum.','Facere in et qui consectetur.','2017-10-23 03:03:52',2,30,'2023-05-18 21:59:28','2023-05-18 21:59:28'),(62,1,'Omnis tenetur eius sed.','Qui harum est doloremque est enim qui sunt.','2004-02-27 11:00:19',78,31,'2023-05-18 21:59:28','2023-05-18 21:59:28'),(63,0,'Ad at debitis et.','Totam impedit consectetur harum sunt vitae.','1983-05-28 17:33:08',17,9,'2023-05-18 21:59:28','2023-05-18 21:59:28'),(64,1,'Qui unde natus nam.','Molestias eligendi et sed non dicta saepe voluptatem.','2013-07-06 14:46:07',40,3,'2023-05-18 21:59:28','2023-05-18 21:59:28'),(65,1,'Dolorum et est odio.','Non veritatis in facere dicta.','2014-04-14 20:33:46',26,34,'2023-05-18 21:59:28','2023-05-18 21:59:28'),(66,1,'Animi molestiae ea quo vitae.','Maiores vero sunt esse aperiam molestiae velit.','2003-03-29 07:11:29',20,8,'2023-05-18 21:59:28','2023-05-18 21:59:28'),(67,0,'Id qui dolores magnam enim.','Nemo hic expedita quaerat id ad.','1981-07-07 14:45:55',1,28,'2023-05-18 21:59:28','2023-05-18 21:59:28'),(68,1,'Commodi similique amet qui.','Et rerum molestiae nihil saepe at.','1990-11-28 02:32:49',6,50,'2023-05-18 21:59:28','2023-05-18 21:59:28'),(69,0,'Et minima qui sunt non in et.','Quisquam dolore et possimus tempore suscipit.','1987-06-11 07:48:53',31,49,'2023-05-18 21:59:28','2023-05-18 21:59:28'),(70,1,'Quia enim harum soluta sed.','Et in esse rem omnis voluptatem architecto sint.','2002-08-30 17:29:56',70,36,'2023-05-18 21:59:28','2023-05-18 21:59:28'),(71,0,'Ut enim nesciunt et quia.','Est error harum ut quo sit omnis aut.','2017-02-28 07:52:08',56,48,'2023-05-18 21:59:28','2023-05-18 21:59:28'),(72,1,'Omnis sunt aut velit non.','Non repellat dolorem sunt laborum.','1993-08-22 07:19:52',36,60,'2023-05-18 21:59:28','2023-05-18 21:59:28'),(73,1,'Perspiciatis sunt qui quia.','Soluta ducimus quasi quam qui.','1998-02-07 06:10:11',33,15,'2023-05-18 21:59:28','2023-05-18 21:59:28'),(74,1,'Est ea est qui culpa.','Harum ducimus modi ullam neque nihil.','1971-03-13 19:51:41',6,50,'2023-05-18 21:59:28','2023-05-18 21:59:28'),(75,1,'Sunt quidem voluptatem modi.','Commodi ut nihil molestiae.','2013-04-02 11:12:16',18,18,'2023-05-18 21:59:28','2023-05-18 21:59:28'),(76,0,'Vero aut modi earum.','Illum similique sapiente et omnis ratione.','2006-10-26 01:12:05',20,8,'2023-05-18 21:59:28','2023-05-18 21:59:28'),(77,1,'Impedit vel aut sit.','Accusamus atque tempora consequatur sit.','1981-02-09 22:56:15',64,55,'2023-05-18 21:59:28','2023-05-18 21:59:28'),(78,1,'Quia ipsa aut quia.','Est ea aut velit inventore.','1981-04-29 05:52:59',4,44,'2023-05-18 21:59:28','2023-05-18 21:59:28'),(79,0,'Libero illum rem magni.','Et pariatur error et dolores pariatur quam unde aperiam.','2001-07-24 03:29:28',29,7,'2023-05-18 21:59:28','2023-05-18 21:59:28'),(80,0,'Autem a delectus quia eum.','Dicta temporibus illo reiciendis harum eveniet aliquam.','1992-04-16 05:39:05',50,40,'2023-05-18 21:59:28','2023-05-18 21:59:28'),(81,1,'Ipsum id ullam vel alias.','Aut iste et rerum id.','2009-12-03 09:22:48',29,25,'2023-05-18 21:59:28','2023-05-18 21:59:28'),(82,0,'Et modi aut cum minima velit.','Nostrum rerum iure nihil praesentium magni eligendi dolore.','2009-07-21 06:43:42',57,46,'2023-05-18 21:59:28','2023-05-18 21:59:28'),(83,1,'Nesciunt rerum et quos nihil.','Et non voluptatem nam quasi.','1998-11-29 21:54:54',56,48,'2023-05-18 21:59:28','2023-05-18 21:59:28'),(84,0,'Qui magnam facere at est.','Vel et est cupiditate.','1974-04-22 17:49:25',61,56,'2023-05-18 21:59:28','2023-05-18 21:59:28'),(85,0,'Quo at alias id natus.','Et sed illo consequatur aspernatur veritatis cum id.','1999-11-26 01:03:45',39,27,'2023-05-18 21:59:28','2023-05-18 21:59:28'),(86,0,'Totam at neque molestias.','Pariatur veritatis dolor iusto accusamus nihil aut aut.','2000-08-10 10:37:41',27,58,'2023-05-18 21:59:28','2023-05-18 21:59:28'),(87,1,'Quis qui magni qui nostrum.','Soluta amet est aliquid excepturi architecto.','1977-12-12 19:14:39',78,31,'2023-05-18 21:59:28','2023-05-18 21:59:28'),(88,1,'Modi rerum sit qui quia.','Beatae est praesentium quo pariatur ex culpa repellendus.','2013-11-27 03:46:24',77,51,'2023-05-18 21:59:28','2023-05-18 21:59:28'),(89,0,'Ipsa est dolor labore sed.','Debitis cupiditate sint omnis molestias.','2004-11-13 03:21:41',56,48,'2023-05-18 21:59:28','2023-05-18 21:59:28'),(90,0,'Cum magni facere minima quia.','Quo nam quis qui illum delectus dicta dolorem.','2016-02-12 11:11:50',1,28,'2023-05-18 21:59:28','2023-05-18 21:59:28'),(91,0,'At et laudantium eveniet aut.','Nihil quisquam reprehenderit qui quia.','1997-04-01 16:42:30',35,17,'2023-05-18 21:59:28','2023-05-18 21:59:28'),(92,0,'Et rerum nulla est.','Excepturi labore qui eius qui.','1986-03-18 14:02:36',30,35,'2023-05-18 21:59:28','2023-05-18 21:59:28'),(93,1,'Ut qui et harum perferendis.','Voluptatem numquam vero quas porro deleniti.','2008-07-15 08:50:53',56,48,'2023-05-18 21:59:28','2023-05-18 21:59:28'),(94,0,'Qui non ducimus aut eos.','Quia rerum cum quia nihil beatae voluptates odit deleniti.','2006-05-01 20:41:51',10,6,'2023-05-18 21:59:28','2023-05-18 21:59:28'),(95,1,'Quod itaque at et.','Quae aut dolorem reiciendis qui corrupti.','1994-07-13 06:47:09',27,11,'2023-05-18 21:59:28','2023-05-18 21:59:28'),(96,1,'Accusamus et facere vel.','Quod modi enim ea odio adipisci quo voluptatem.','1974-06-22 20:49:14',17,20,'2023-05-18 21:59:28','2023-05-18 21:59:28'),(97,0,'Eum possimus excepturi optio.','Facilis qui praesentium at sit fugiat minima.','2013-03-04 15:10:50',39,38,'2023-05-18 21:59:28','2023-05-18 21:59:28'),(98,0,'Ea officia minima ipsum.','Sapiente fugiat repellendus veritatis nemo quia.','1983-11-10 17:07:09',36,60,'2023-05-18 21:59:28','2023-05-18 21:59:28'),(99,0,'At in autem id ut voluptas.','Et necessitatibus qui id quod similique sed in ducimus.','2005-08-09 11:49:25',7,26,'2023-05-18 21:59:28','2023-05-18 21:59:28'),(100,1,'Impedit blanditiis nam ab.','Ratione unde consequuntur ratione. Dolorem et sed eligendi.','1980-04-13 17:33:32',33,15,'2023-05-18 21:59:28','2023-05-18 21:59:28'),(112,1,'Task 5','Descrição da Task 5','2023-05-19 20:30:00',0,0,NULL,'2023-05-19 22:15:39'),(101,0,'Titulo da Task','abcd','2023-05-30 00:00:00',1,19,'2023-05-19 03:05:06','2023-05-19 03:05:06'),(102,0,'Titulo da Task','abcd','2023-05-30 00:00:00',1,19,'2023-05-19 03:09:14','2023-05-19 03:09:14'),(103,0,'Titulo da Task','abcd','2023-05-30 00:00:00',1,19,'2023-05-19 03:11:52','2023-05-19 03:11:52'),(104,1,'Teste de sexta','teste','2023-05-19 03:00:00',1,19,'2023-05-19 07:21:10','2023-05-19 22:15:41'),(105,0,'Teste','Teste','2023-10-15 15:00:00',1,15,'2023-05-19 18:20:22','2023-05-19 18:20:22'),(113,0,'Task 6','Descrição da Task 6','2023-05-19 20:30:00',0,0,NULL,NULL),(114,0,'Task 7','Descrição da Task 7','2023-05-19 20:30:00',0,0,NULL,NULL),(115,0,'Task 8','Descrição da Task 8','2023-05-19 20:30:00',0,0,NULL,NULL),(116,0,'Task 9','Descrição da Task 9','2023-05-19 20:30:00',0,0,NULL,NULL),(117,0,'Task 10','Descrição da Task 10','2023-05-19 20:30:00',0,0,NULL,NULL),(118,0,'Task 11','Descrição da Task 11','2023-05-19 20:30:00',0,0,NULL,NULL),(119,0,'Task 12','Descrição da Task 12','2023-05-19 20:30:00',0,0,NULL,NULL),(120,0,'Task 13','Descrição da Task 13','2023-05-19 20:30:00',0,0,NULL,NULL),(121,0,'Task 14','Descrição da Task 14','2023-05-19 20:30:00',0,0,NULL,NULL),(122,0,'Task 15','Descrição da Task 15','2023-05-19 20:30:00',0,0,NULL,NULL),(123,0,'Task 16','Descrição da Task 16','2023-05-19 20:30:00',0,0,NULL,NULL),(124,0,'Task 17','Descrição da Task 17','2023-05-19 20:30:00',0,0,NULL,NULL),(125,0,'Task 18','Descrição da Task 18','2023-05-19 20:30:00',0,0,NULL,NULL),(126,0,'Task 19','Descrição da Task 19','2023-05-19 20:30:00',0,0,NULL,NULL),(127,0,'Task 20','Descrição da Task 20','2023-05-19 20:30:00',0,0,NULL,NULL),(128,0,'Task 21','Descrição da Task 21','2023-05-19 20:30:00',0,0,NULL,NULL),(129,0,'Task 22','Descrição da Task 22','2023-05-19 20:30:00',0,0,NULL,NULL),(130,0,'Task 23','Descrição da Task 23','2023-05-19 20:30:00',0,0,NULL,NULL),(131,0,'Task 24','Descrição da Task 24','2023-05-19 20:30:00',0,0,NULL,NULL);
/*!40000 ALTER TABLE `tasks` ENABLE KEYS */;
UNLOCK TABLES;

--
-- Table structure for table `users`
--

DROP TABLE IF EXISTS `users`;
/*!40101 SET @saved_cs_client     = @@character_set_client */;
/*!50503 SET character_set_client = utf8mb4 */;
CREATE TABLE `users` (
  `id` bigint unsigned NOT NULL AUTO_INCREMENT,
  `name` varchar(191) COLLATE utf8mb4_unicode_ci NOT NULL,
  `email` varchar(191) COLLATE utf8mb4_unicode_ci NOT NULL,
  `email_verified_at` timestamp NULL DEFAULT NULL,
  `password` varchar(191) COLLATE utf8mb4_unicode_ci NOT NULL,
  `remember_token` varchar(100) COLLATE utf8mb4_unicode_ci DEFAULT NULL,
  `created_at` timestamp NULL DEFAULT NULL,
  `updated_at` timestamp NULL DEFAULT NULL,
  PRIMARY KEY (`id`),
  UNIQUE KEY `users_email_unique` (`email`)
) ENGINE=MyISAM AUTO_INCREMENT=98 DEFAULT CHARSET=utf8mb4 COLLATE=utf8mb4_unicode_ci;
/*!40101 SET character_set_client = @saved_cs_client */;

--
-- Dumping data for table `users`
--

LOCK TABLES `users` WRITE;
/*!40000 ALTER TABLE `users` DISABLE KEYS */;
INSERT INTO `users` VALUES (1,'Elenor Kutch','dmiller@example.org','2023-05-18 21:58:58','$2y$10$92IXUNpkjO0rOQ5byMi.Ye4oKoEa3Ro9llC/.og/at2.uheWG/igi','aHdHljGDxE','2023-05-18 21:58:58','2023-05-18 21:58:58'),(2,'Ms. Hattie Oberbrunner','reese.stroman@example.net','2023-05-18 21:58:58','$2y$10$92IXUNpkjO0rOQ5byMi.Ye4oKoEa3Ro9llC/.og/at2.uheWG/igi','6IWWF5sLxF','2023-05-18 21:58:58','2023-05-18 21:58:58'),(3,'Prof. Cayla Wolff','bcasper@example.com','2023-05-18 21:58:58','$2y$10$92IXUNpkjO0rOQ5byMi.Ye4oKoEa3Ro9llC/.og/at2.uheWG/igi','rAGb3KjrBs','2023-05-18 21:58:58','2023-05-18 21:58:58'),(4,'Solon Jaskolski','monahan.braxton@example.net','2023-05-18 21:58:58','$2y$10$92IXUNpkjO0rOQ5byMi.Ye4oKoEa3Ro9llC/.og/at2.uheWG/igi','7JjP33geKX','2023-05-18 21:58:58','2023-05-18 21:58:58'),(5,'Bertha O\'Hara','selmer31@example.org','2023-05-18 21:58:58','$2y$10$92IXUNpkjO0rOQ5byMi.Ye4oKoEa3Ro9llC/.og/at2.uheWG/igi','v8ESIYfh0G','2023-05-18 21:58:58','2023-05-18 21:58:58'),(6,'Kenny Lemke','shyann13@example.org','2023-05-18 21:58:58','$2y$10$92IXUNpkjO0rOQ5byMi.Ye4oKoEa3Ro9llC/.og/at2.uheWG/igi','r2ew3CoEcB','2023-05-18 21:58:58','2023-05-18 21:58:58'),(7,'Kaya Mills','hardy.stroman@example.com','2023-05-18 21:58:58','$2y$10$92IXUNpkjO0rOQ5byMi.Ye4oKoEa3Ro9llC/.og/at2.uheWG/igi','MMaTjJcFmp','2023-05-18 21:58:58','2023-05-18 21:58:58'),(8,'Sasha Von','demario.homenick@example.net','2023-05-18 21:58:58','$2y$10$92IXUNpkjO0rOQ5byMi.Ye4oKoEa3Ro9llC/.og/at2.uheWG/igi','fWCPFIUds3','2023-05-18 21:58:58','2023-05-18 21:58:58'),(9,'Mr. Casimer Haley','bert32@example.net','2023-05-18 21:58:58','$2y$10$92IXUNpkjO0rOQ5byMi.Ye4oKoEa3Ro9llC/.og/at2.uheWG/igi','mtNO05DY5J','2023-05-18 21:58:58','2023-05-18 21:58:58'),(10,'Gerson Mueller','bessie.maggio@example.org','2023-05-18 21:58:58','$2y$10$92IXUNpkjO0rOQ5byMi.Ye4oKoEa3Ro9llC/.og/at2.uheWG/igi','ouRF4kKZUw','2023-05-18 21:58:58','2023-05-18 21:58:58'),(11,'Dr. Retta Hauck','wkulas@example.org','2023-05-18 21:58:58','$2y$10$92IXUNpkjO0rOQ5byMi.Ye4oKoEa3Ro9llC/.og/at2.uheWG/igi','DyFTMEP9XO','2023-05-18 21:58:58','2023-05-18 21:58:58'),(12,'Heath Emmerich I','kutch.armand@example.org','2023-05-18 21:58:58','$2y$10$92IXUNpkjO0rOQ5byMi.Ye4oKoEa3Ro9llC/.og/at2.uheWG/igi','Kq1tPL6ZYO','2023-05-18 21:58:58','2023-05-18 21:58:58'),(13,'Ms. Daphnee Mills PhD','zlowe@example.com','2023-05-18 21:58:58','$2y$10$92IXUNpkjO0rOQ5byMi.Ye4oKoEa3Ro9llC/.og/at2.uheWG/igi','4DFnQlXB9r','2023-05-18 21:58:58','2023-05-18 21:58:58'),(14,'Calista Stiedemann Jr.','alysson27@example.net','2023-05-18 21:58:58','$2y$10$92IXUNpkjO0rOQ5byMi.Ye4oKoEa3Ro9llC/.og/at2.uheWG/igi','1zuN9bbLA9','2023-05-18 21:58:58','2023-05-18 21:58:58'),(15,'Gwen Dibbert','yrutherford@example.com','2023-05-18 21:58:58','$2y$10$92IXUNpkjO0rOQ5byMi.Ye4oKoEa3Ro9llC/.og/at2.uheWG/igi','h5nLLWJuM3','2023-05-18 21:58:58','2023-05-18 21:58:58'),(16,'Jovany Dicki PhD','blanca.robel@example.org','2023-05-18 21:58:58','$2y$10$92IXUNpkjO0rOQ5byMi.Ye4oKoEa3Ro9llC/.og/at2.uheWG/igi','xz4ee6UcNr','2023-05-18 21:58:58','2023-05-18 21:58:58'),(17,'Hallie Weissnat','rodriguez.stan@example.net','2023-05-18 21:58:58','$2y$10$92IXUNpkjO0rOQ5byMi.Ye4oKoEa3Ro9llC/.og/at2.uheWG/igi','LfmHNH4sgl','2023-05-18 21:58:58','2023-05-18 21:58:58'),(18,'Verona Barrows','verna.kunze@example.com','2023-05-18 21:58:58','$2y$10$92IXUNpkjO0rOQ5byMi.Ye4oKoEa3Ro9llC/.og/at2.uheWG/igi','dcsNWyXXGZ','2023-05-18 21:58:58','2023-05-18 21:58:58'),(19,'Agustin Jerde IV','myrtis.fritsch@example.net','2023-05-18 21:58:58','$2y$10$92IXUNpkjO0rOQ5byMi.Ye4oKoEa3Ro9llC/.og/at2.uheWG/igi','GVcAxhaSXn','2023-05-18 21:58:58','2023-05-18 21:58:58'),(20,'Ephraim Pfannerstill','nmayert@example.net','2023-05-18 21:58:58','$2y$10$92IXUNpkjO0rOQ5byMi.Ye4oKoEa3Ro9llC/.og/at2.uheWG/igi','VMBxhcZCMM','2023-05-18 21:58:58','2023-05-18 21:58:58'),(21,'Justine Koelpin','emanuel.bayer@example.net','2023-05-18 21:58:58','$2y$10$92IXUNpkjO0rOQ5byMi.Ye4oKoEa3Ro9llC/.og/at2.uheWG/igi','f8kqMG0RqL','2023-05-18 21:58:58','2023-05-18 21:58:58'),(22,'Mrs. Tara Bosco III','lucio.schmidt@example.net','2023-05-18 21:58:58','$2y$10$92IXUNpkjO0rOQ5byMi.Ye4oKoEa3Ro9llC/.og/at2.uheWG/igi','oAFBOHazp9','2023-05-18 21:58:58','2023-05-18 21:58:58'),(23,'Hazel Bosco','abshire.neoma@example.com','2023-05-18 21:58:58','$2y$10$92IXUNpkjO0rOQ5byMi.Ye4oKoEa3Ro9llC/.og/at2.uheWG/igi','K3DxMZgJRt','2023-05-18 21:58:58','2023-05-18 21:58:58'),(24,'Cathy Paucek','hoppe.amber@example.net','2023-05-18 21:58:58','$2y$10$92IXUNpkjO0rOQ5byMi.Ye4oKoEa3Ro9llC/.og/at2.uheWG/igi','CTDRi2EIEC','2023-05-18 21:58:58','2023-05-18 21:58:58'),(25,'Alexanne Auer Sr.','jabernathy@example.net','2023-05-18 21:58:58','$2y$10$92IXUNpkjO0rOQ5byMi.Ye4oKoEa3Ro9llC/.og/at2.uheWG/igi','fARLkIGxgq','2023-05-18 21:58:58','2023-05-18 21:58:58'),(26,'Crawford Feest','wolf.nelle@example.net','2023-05-18 21:58:58','$2y$10$92IXUNpkjO0rOQ5byMi.Ye4oKoEa3Ro9llC/.og/at2.uheWG/igi','1GljCx8Tty','2023-05-18 21:58:58','2023-05-18 21:58:58'),(27,'Tatyana Dickens DDS','hfeest@example.org','2023-05-18 21:58:58','$2y$10$92IXUNpkjO0rOQ5byMi.Ye4oKoEa3Ro9llC/.og/at2.uheWG/igi','h8eDQIb20c','2023-05-18 21:58:58','2023-05-18 21:58:58'),(28,'Miss Josiane Howe','gerard.muller@example.net','2023-05-18 21:58:58','$2y$10$92IXUNpkjO0rOQ5byMi.Ye4oKoEa3Ro9llC/.og/at2.uheWG/igi','hl9fLAsTkF','2023-05-18 21:58:58','2023-05-18 21:58:58'),(29,'Crystel Conroy','augustus62@example.net','2023-05-18 21:58:58','$2y$10$92IXUNpkjO0rOQ5byMi.Ye4oKoEa3Ro9llC/.og/at2.uheWG/igi','IkW3Srxc39','2023-05-18 21:58:58','2023-05-18 21:58:58'),(30,'Dr. Keven Beatty','elyssa77@example.org','2023-05-18 21:58:58','$2y$10$92IXUNpkjO0rOQ5byMi.Ye4oKoEa3Ro9llC/.og/at2.uheWG/igi','Cw0kBXJMOO','2023-05-18 21:58:58','2023-05-18 21:58:58'),(31,'Bettye Lehner','stark.kailyn@example.org','2023-05-18 21:58:58','$2y$10$92IXUNpkjO0rOQ5byMi.Ye4oKoEa3Ro9llC/.og/at2.uheWG/igi','JMZStOiFdn','2023-05-18 21:58:58','2023-05-18 21:58:58'),(32,'Rocky Runte','litzy63@example.org','2023-05-18 21:58:58','$2y$10$92IXUNpkjO0rOQ5byMi.Ye4oKoEa3Ro9llC/.og/at2.uheWG/igi','KY4GjFnACR','2023-05-18 21:58:58','2023-05-18 21:58:58'),(33,'Corine Shields DDS','willy.mann@example.net','2023-05-18 21:58:58','$2y$10$92IXUNpkjO0rOQ5byMi.Ye4oKoEa3Ro9llC/.og/at2.uheWG/igi','jmQt2nA4HH','2023-05-18 21:58:58','2023-05-18 21:58:58'),(34,'Dr. Bret Zboncak','meagan77@example.net','2023-05-18 21:58:58','$2y$10$92IXUNpkjO0rOQ5byMi.Ye4oKoEa3Ro9llC/.og/at2.uheWG/igi','3eX4RcuSDz','2023-05-18 21:58:58','2023-05-18 21:58:58'),(35,'Mrs. Kylee Botsford II','russel.dangelo@example.net','2023-05-18 21:58:58','$2y$10$92IXUNpkjO0rOQ5byMi.Ye4oKoEa3Ro9llC/.og/at2.uheWG/igi','LWmjwqVqr7','2023-05-18 21:58:58','2023-05-18 21:58:58'),(36,'Mr. Gus Terry PhD','fpfannerstill@example.net','2023-05-18 21:58:58','$2y$10$92IXUNpkjO0rOQ5byMi.Ye4oKoEa3Ro9llC/.og/at2.uheWG/igi','VJxbQ1w8CG','2023-05-18 21:58:58','2023-05-18 21:58:58'),(37,'Mr. Selmer Hickle Jr.','elnora.bauch@example.org','2023-05-18 21:58:58','$2y$10$92IXUNpkjO0rOQ5byMi.Ye4oKoEa3Ro9llC/.og/at2.uheWG/igi','ik7U6Q9t4E','2023-05-18 21:58:58','2023-05-18 21:58:58'),(38,'Rebeca Pfannerstill','kunze.lester@example.net','2023-05-18 21:58:58','$2y$10$92IXUNpkjO0rOQ5byMi.Ye4oKoEa3Ro9llC/.og/at2.uheWG/igi','IrCp3m2IT0','2023-05-18 21:58:58','2023-05-18 21:58:58'),(39,'Miss Rafaela Kuvalis','jazmin47@example.org','2023-05-18 21:58:58','$2y$10$92IXUNpkjO0rOQ5byMi.Ye4oKoEa3Ro9llC/.og/at2.uheWG/igi','RdK01OPA8w','2023-05-18 21:58:58','2023-05-18 21:58:58'),(40,'Mazie Jones','hhyatt@example.com','2023-05-18 21:58:58','$2y$10$92IXUNpkjO0rOQ5byMi.Ye4oKoEa3Ro9llC/.og/at2.uheWG/igi','6K02R62kMK','2023-05-18 21:58:58','2023-05-18 21:58:58'),(41,'Nya Huel DVM','gleason.winston@example.net','2023-05-18 21:59:26','$2y$10$92IXUNpkjO0rOQ5byMi.Ye4oKoEa3Ro9llC/.og/at2.uheWG/igi','Ipgm53wMTa','2023-05-18 21:59:26','2023-05-18 21:59:26'),(42,'Prof. Makayla Pacocha III','princess39@example.com','2023-05-18 21:59:26','$2y$10$92IXUNpkjO0rOQ5byMi.Ye4oKoEa3Ro9llC/.og/at2.uheWG/igi','vHzUh1rrrB','2023-05-18 21:59:26','2023-05-18 21:59:26'),(43,'Blaise Homenick','mazie.damore@example.com','2023-05-18 21:59:26','$2y$10$92IXUNpkjO0rOQ5byMi.Ye4oKoEa3Ro9llC/.og/at2.uheWG/igi','lUrUdxGor8','2023-05-18 21:59:26','2023-05-18 21:59:26'),(44,'Miss Loyce Robel V','henriette05@example.org','2023-05-18 21:59:26','$2y$10$92IXUNpkjO0rOQ5byMi.Ye4oKoEa3Ro9llC/.og/at2.uheWG/igi','iP3oQFzkeX','2023-05-18 21:59:26','2023-05-18 21:59:26'),(45,'Raegan Rogahn','qveum@example.net','2023-05-18 21:59:26','$2y$10$92IXUNpkjO0rOQ5byMi.Ye4oKoEa3Ro9llC/.og/at2.uheWG/igi','dznc7CyYrC','2023-05-18 21:59:26','2023-05-18 21:59:26'),(46,'Carlos Simonis','chase09@example.com','2023-05-18 21:59:26','$2y$10$92IXUNpkjO0rOQ5byMi.Ye4oKoEa3Ro9llC/.og/at2.uheWG/igi','D0C3Bu8HdE','2023-05-18 21:59:26','2023-05-18 21:59:26'),(47,'Brody Kohler','margot.pfannerstill@example.org','2023-05-18 21:59:26','$2y$10$92IXUNpkjO0rOQ5byMi.Ye4oKoEa3Ro9llC/.og/at2.uheWG/igi','ODy0LFx7KJ','2023-05-18 21:59:26','2023-05-18 21:59:26'),(48,'Vella Schiller','ygreenfelder@example.org','2023-05-18 21:59:26','$2y$10$92IXUNpkjO0rOQ5byMi.Ye4oKoEa3Ro9llC/.og/at2.uheWG/igi','xowvg53fFI','2023-05-18 21:59:26','2023-05-18 21:59:26'),(49,'Abraham Kautzer','collin60@example.org','2023-05-18 21:59:26','$2y$10$92IXUNpkjO0rOQ5byMi.Ye4oKoEa3Ro9llC/.og/at2.uheWG/igi','F0kl5cyZCw','2023-05-18 21:59:26','2023-05-18 21:59:26'),(50,'Dr. Ransom Blick','littel.missouri@example.net','2023-05-18 21:59:26','$2y$10$92IXUNpkjO0rOQ5byMi.Ye4oKoEa3Ro9llC/.og/at2.uheWG/igi','OnzrUSmMa3','2023-05-18 21:59:26','2023-05-18 21:59:26'),(51,'Mario Emard','pollich.erica@example.com','2023-05-18 21:59:26','$2y$10$92IXUNpkjO0rOQ5byMi.Ye4oKoEa3Ro9llC/.og/at2.uheWG/igi','GS8bUkQbDp','2023-05-18 21:59:26','2023-05-18 21:59:26'),(52,'Adolphus Hessel Jr.','jlind@example.com','2023-05-18 21:59:26','$2y$10$92IXUNpkjO0rOQ5byMi.Ye4oKoEa3Ro9llC/.og/at2.uheWG/igi','gXQTtm0D1b','2023-05-18 21:59:26','2023-05-18 21:59:26'),(53,'Erika O\'Connell','zulauf.dominic@example.com','2023-05-18 21:59:26','$2y$10$92IXUNpkjO0rOQ5byMi.Ye4oKoEa3Ro9llC/.og/at2.uheWG/igi','zbQyUbawUv','2023-05-18 21:59:26','2023-05-18 21:59:26'),(54,'Tyrese Wehner DVM','hosea92@example.org','2023-05-18 21:59:26','$2y$10$92IXUNpkjO0rOQ5byMi.Ye4oKoEa3Ro9llC/.og/at2.uheWG/igi','Op38lKYXQt','2023-05-18 21:59:26','2023-05-18 21:59:26'),(55,'Dr. Cordelia Kirlin III','jose55@example.net','2023-05-18 21:59:26','$2y$10$92IXUNpkjO0rOQ5byMi.Ye4oKoEa3Ro9llC/.og/at2.uheWG/igi','Ozp9tS8sr0','2023-05-18 21:59:26','2023-05-18 21:59:26'),(56,'Abelardo Kessler MD','lkohler@example.net','2023-05-18 21:59:26','$2y$10$92IXUNpkjO0rOQ5byMi.Ye4oKoEa3Ro9llC/.og/at2.uheWG/igi','AOyjQjqdOA','2023-05-18 21:59:26','2023-05-18 21:59:26'),(57,'Prof. Jerel Barrows','bria.jacobi@example.org','2023-05-18 21:59:26','$2y$10$92IXUNpkjO0rOQ5byMi.Ye4oKoEa3Ro9llC/.og/at2.uheWG/igi','jhR7w71Po0','2023-05-18 21:59:26','2023-05-18 21:59:26'),(58,'Zachery Wunsch','lupe.barton@example.com','2023-05-18 21:59:26','$2y$10$92IXUNpkjO0rOQ5byMi.Ye4oKoEa3Ro9llC/.og/at2.uheWG/igi','VkMoHuwxF9','2023-05-18 21:59:26','2023-05-18 21:59:26'),(59,'Natasha Wintheiser DDS','mcclure.russell@example.com','2023-05-18 21:59:26','$2y$10$92IXUNpkjO0rOQ5byMi.Ye4oKoEa3Ro9llC/.og/at2.uheWG/igi','pwAK4NFN6B','2023-05-18 21:59:26','2023-05-18 21:59:26'),(60,'Carli Corwin','henriette.hessel@example.com','2023-05-18 21:59:26','$2y$10$92IXUNpkjO0rOQ5byMi.Ye4oKoEa3Ro9llC/.og/at2.uheWG/igi','1H5R0k9ysG','2023-05-18 21:59:26','2023-05-18 21:59:26'),(61,'Heaven Gerlach II','prudence.koepp@example.com','2023-05-18 21:59:26','$2y$10$92IXUNpkjO0rOQ5byMi.Ye4oKoEa3Ro9llC/.og/at2.uheWG/igi','W5Q3tPIUIi','2023-05-18 21:59:26','2023-05-18 21:59:26'),(62,'Ruby Ziemann','vreinger@example.net','2023-05-18 21:59:26','$2y$10$92IXUNpkjO0rOQ5byMi.Ye4oKoEa3Ro9llC/.og/at2.uheWG/igi','hLdBlXN0y2','2023-05-18 21:59:26','2023-05-18 21:59:26'),(63,'Vivienne Blanda','robyn.reynolds@example.net','2023-05-18 21:59:26','$2y$10$92IXUNpkjO0rOQ5byMi.Ye4oKoEa3Ro9llC/.og/at2.uheWG/igi','SgqAs0S30D','2023-05-18 21:59:26','2023-05-18 21:59:26'),(64,'Mozell Bergnaum III','rgreen@example.net','2023-05-18 21:59:26','$2y$10$92IXUNpkjO0rOQ5byMi.Ye4oKoEa3Ro9llC/.og/at2.uheWG/igi','AJh1YOlUd3','2023-05-18 21:59:26','2023-05-18 21:59:26'),(65,'Mrs. Angelita Champlin Sr.','carter.milford@example.net','2023-05-18 21:59:26','$2y$10$92IXUNpkjO0rOQ5byMi.Ye4oKoEa3Ro9llC/.og/at2.uheWG/igi','n10K0OHQN5','2023-05-18 21:59:26','2023-05-18 21:59:26'),(66,'Tia Thiel','reynolds.kenton@example.org','2023-05-18 21:59:26','$2y$10$92IXUNpkjO0rOQ5byMi.Ye4oKoEa3Ro9llC/.og/at2.uheWG/igi','DLvuj6wkWa','2023-05-18 21:59:26','2023-05-18 21:59:26'),(67,'Mr. Kristian Keeling IV','ctillman@example.com','2023-05-18 21:59:26','$2y$10$92IXUNpkjO0rOQ5byMi.Ye4oKoEa3Ro9llC/.og/at2.uheWG/igi','RX3kWOFXTH','2023-05-18 21:59:26','2023-05-18 21:59:26'),(68,'Elias Howe','beier.michaela@example.org','2023-05-18 21:59:26','$2y$10$92IXUNpkjO0rOQ5byMi.Ye4oKoEa3Ro9llC/.og/at2.uheWG/igi','5g8MclkG3k','2023-05-18 21:59:26','2023-05-18 21:59:26'),(69,'Rebekah Rutherford','schinner.sean@example.net','2023-05-18 21:59:26','$2y$10$92IXUNpkjO0rOQ5byMi.Ye4oKoEa3Ro9llC/.og/at2.uheWG/igi','3mku6Lk7u3','2023-05-18 21:59:26','2023-05-18 21:59:26'),(70,'Hayden Cremin Jr.','lourdes22@example.org','2023-05-18 21:59:26','$2y$10$92IXUNpkjO0rOQ5byMi.Ye4oKoEa3Ro9llC/.og/at2.uheWG/igi','PPIF3iyvrf','2023-05-18 21:59:26','2023-05-18 21:59:26'),(71,'Mariam Franecki','adrienne.kilback@example.com','2023-05-18 21:59:26','$2y$10$92IXUNpkjO0rOQ5byMi.Ye4oKoEa3Ro9llC/.og/at2.uheWG/igi','xM5H53I2gH','2023-05-18 21:59:26','2023-05-18 21:59:26'),(72,'Remington Turner','imoore@example.org','2023-05-18 21:59:26','$2y$10$92IXUNpkjO0rOQ5byMi.Ye4oKoEa3Ro9llC/.og/at2.uheWG/igi','76pJYXsy6E','2023-05-18 21:59:26','2023-05-18 21:59:26'),(73,'Ed Wunsch','oliver61@example.com','2023-05-18 21:59:26','$2y$10$92IXUNpkjO0rOQ5byMi.Ye4oKoEa3Ro9llC/.og/at2.uheWG/igi','Pd3e8NGJd1','2023-05-18 21:59:26','2023-05-18 21:59:26'),(74,'Prof. Abraham Kreiger','robert57@example.net','2023-05-18 21:59:26','$2y$10$92IXUNpkjO0rOQ5byMi.Ye4oKoEa3Ro9llC/.og/at2.uheWG/igi','QbM4dTrSnr','2023-05-18 21:59:26','2023-05-18 21:59:26'),(75,'Dayne Stark','georgianna16@example.com','2023-05-18 21:59:26','$2y$10$92IXUNpkjO0rOQ5byMi.Ye4oKoEa3Ro9llC/.og/at2.uheWG/igi','9vMTcvjB9a','2023-05-18 21:59:26','2023-05-18 21:59:26'),(76,'Michale Torphy','kiera51@example.org','2023-05-18 21:59:26','$2y$10$92IXUNpkjO0rOQ5byMi.Ye4oKoEa3Ro9llC/.og/at2.uheWG/igi','dY5MrnpzVS','2023-05-18 21:59:26','2023-05-18 21:59:26'),(77,'Prof. Jamey Hermiston','batz.katrine@example.org','2023-05-18 21:59:26','$2y$10$92IXUNpkjO0rOQ5byMi.Ye4oKoEa3Ro9llC/.og/at2.uheWG/igi','oTbUs3MnRk','2023-05-18 21:59:26','2023-05-18 21:59:26'),(78,'Kian DuBuque','morar.beatrice@example.org','2023-05-18 21:59:26','$2y$10$92IXUNpkjO0rOQ5byMi.Ye4oKoEa3Ro9llC/.og/at2.uheWG/igi','ibGM4LlNDq','2023-05-18 21:59:26','2023-05-18 21:59:26'),(79,'Ara Runte','emard.shany@example.net','2023-05-18 21:59:26','$2y$10$92IXUNpkjO0rOQ5byMi.Ye4oKoEa3Ro9llC/.og/at2.uheWG/igi','sGp0cLaGsW','2023-05-18 21:59:26','2023-05-18 21:59:26'),(80,'Geovanny Bashirian','audra.cronin@example.com','2023-05-18 21:59:26','$2y$10$92IXUNpkjO0rOQ5byMi.Ye4oKoEa3Ro9llC/.og/at2.uheWG/igi','pH4ZMuEtRH','2023-05-18 21:59:26','2023-05-18 21:59:26'),(94,'Testador','teste@teste.com',NULL,'$2y$10$9mkWaSx.verMTGr1SF3B/ucTainYe.B4fEO/gMks7LqF2Q6SBX0c.',NULL,'2023-05-19 10:58:49','2023-05-19 10:58:49'),(95,'Fulano da Silva','fulano@gmail.com.br',NULL,'$2y$10$sLKVLpEltd189ilfCsk68OKBWo2gUP7.uTW69kpbpSItfbY6N0oAu',NULL,'2023-05-19 18:24:53','2023-05-19 18:24:53'),(97,'Charles','rocha_charles@outlook.com',NULL,'$2y$10$t04DoI9Vw5F16QU7whnk4O95.4qz.orhb061CYxAZSrPjezTQFFvC',NULL,'2023-05-19 22:24:48','2023-05-19 22:24:48');
/*!40000 ALTER TABLE `users` ENABLE KEYS */;
UNLOCK TABLES;
/*!40103 SET TIME_ZONE=@OLD_TIME_ZONE */;

/*!40101 SET SQL_MODE=@OLD_SQL_MODE */;
/*!40014 SET FOREIGN_KEY_CHECKS=@OLD_FOREIGN_KEY_CHECKS */;
/*!40014 SET UNIQUE_CHECKS=@OLD_UNIQUE_CHECKS */;
/*!40101 SET CHARACTER_SET_CLIENT=@OLD_CHARACTER_SET_CLIENT */;
/*!40101 SET CHARACTER_SET_RESULTS=@OLD_CHARACTER_SET_RESULTS */;
/*!40101 SET COLLATION_CONNECTION=@OLD_COLLATION_CONNECTION */;
/*!40111 SET SQL_NOTES=@OLD_SQL_NOTES */;

-- Dump completed on 2023-05-19 21:06:52
